法阵编号,所处地图,跳转地图,法阵名字,所处地名,跳转地名,所处别名,跳转别名,所处坐标x,所处坐标y,跳转坐标x,跳转坐标y
1,102,93,白日门海岸,白日门城,白日门海岸,MirPb05,MirDg19,825,470,1057,442
2,102,123,至石原荒漠,白日门城,石原荒漠,MirPb05,MirDg24_1,1179,535,1179,202
1,110,112,兽人陵墓深层,远古禁域,陵墓深层,MirDg23,MirDg23_2,1023,42,1014,234
1,111,112,兽人陵墓深层,陵墓浅表,陵墓深层,MirDg23_1,MirDg23_2,999,371,1087,315
2,111,112,兽人陵墓深层,陵墓浅表,陵墓深层,MirDg23_1,MirDg23_2,1154,301,1023,106
3,111,131,至石原矿洞,陵墓浅表,石原矿洞一层,MirDg23_1,MirDg22_1,1061,177,1151,296
1,112,111,兽人陵墓浅表,陵墓深层,陵墓浅表,MirDg23_2,MirDg23_1,1093,309,994,365
2,112,110,至远古禁域,陵墓深层,远古禁域,MirDg23_2,MirDg23,1021,241,1023,49
3,112,111,兽人陵墓浅表,陵墓深层,陵墓浅表,MirDg23_2,MirDg23_1,1028,100,1149,296
1,113,93,至白日门海岸,龙耀崖,白日门海岸,MirDg26,MirDg19,1146,589,914,260
2,113,114,至黑岩峰底,龙耀崖,黑岩峰底,MirDg26,MirDg26_1,1081,699,889,231
1,114,115,至龙栖峰,黑岩峰底,龙栖峰,MirDg26_1,MirDg26_2,687,568,993,427
2,114,125,至黑岩山麓,黑岩峰底,神秘地脉,MirDg26_1,MirDg27_5,982,528,1020,213
3,114,113,至龙耀崖,黑岩峰底,龙耀崖,MirDg26_1,MirDg26,894,223,1080,689
1,115,114,至黑岩峰底,龙栖峰,黑岩峰底,MirDg26_2,MirDg26_1,993,431,696,558
2,115,116,至冰川地脉,龙栖峰,冰川地脉,MirDg26_2,MirDg27_1,910,477,1104,380
1,116,116,离开避难营,冰川地脉,冰川地脉,MirDg27_1,MirDg27_1,1179,274,1179,263
2,116,115,至龙栖峰,冰川地脉,龙栖峰,MirDg27_1,MirDg26_2,1109,384,912,472
3,116,117,至霜火地脉,冰川地脉,霜火地脉,MirDg27_1,MirDg27_2,916,319,1132,376
1,117,118,至龙血地脉,霜火地脉,龙血地脉,MirDg27_2,MirDg27_3,1041,157,1157,412
2,117,116,至冰川地脉,霜火地脉,冰川地脉,MirDg27_2,MirDg27_1,1136,379,912,316
1,118,119,至元素王座,龙血地脉,元素王座,MirDg27_3,MirDg27_4,1007,199,1027,254
2,118,117,至霜火地脉,龙血地脉,霜火地脉,MirDg27_3,MirDg27_2,1160,415,1035,151
1,119,118,龙血地脉,元素王座,龙血地脉,MirDg27_4,MirDg27_3,1042,267,1004,197
1,123,124,石原废墟,石原荒漠,石原废墟,MirDg24_1,MirDg24_2,932,278,1013,364
2,123,131,石原矿洞,石原荒漠,石原矿洞一层,MirDg24_1,MirDg22_1,981,215,941,202
3,123,102,白日门城,石原荒漠,白日门城,MirDg24_1,MirPb05,1186,209,1176,532
1,124,123,至石原荒漠,石原废墟,石原荒漠,MirDg24_2,MirDg24_1,1007,369,937,270
1,125,114,至黑岩峰底,神秘地脉,黑岩峰底,MirDg27_5,MirDg26_1,1025,204,977,525
1,131,111,兽人陵墓浅表,石原矿洞一层,陵墓浅表,MirDg22_1,MirDg23_1,1157,294,1056,175
2,131,133,巨兽大厅,石原矿洞一层,巨兽大厅,MirDg22_1,MirDg22_3,1127,322,1000,121
3,131,123,石原荒漠,石原矿洞一层,石原荒漠,MirDg22_1,MirDg24_1,939,200,983,207
1,133,131,石原矿洞,巨兽大厅,石原矿洞一层,MirDg22_3,MirDg22_1,1000,124,1125,320
1,142,142,边界村,边界村,边界村,Mir_Pb03,Mir_Pb03,584,719,829,454
10,142,142,低级民居,边界村,边界村,Mir_Pb03,Mir_Pb03,965,436,559,694
11,142,142,边界村,边界村,边界村,Mir_Pb03,Mir_Pb03,601,654,947,457
12,142,142,高级民居,边界村,边界村,Mir_Pb03,Mir_Pb03,944,459,599,656
13,142,142,边界村,边界村,边界村,Mir_Pb03,Mir_Pb03,623,622,893,508
14,142,142,书店,边界村,边界村,Mir_Pb03,Mir_Pb03,894,512,625,624
15,142,142,边界村,边界村,边界村,Mir_Pb03,Mir_Pb03,650,583,966,625
16,142,142,书院,边界村,边界村,Mir_Pb03,Mir_Pb03,968,629,652,585
17,142,142,边界村,边界村,边界村,Mir_Pb03,Mir_Pb03,885,837,909,615
18,142,142,隐秘洞穴,边界村,边界村,Mir_Pb03,Mir_Pb03,912,619,888,840
19,142,142,边界村,边界村,边界村,Mir_Pb03,Mir_Pb03,962,1078,1273,527
2,142,142,地牢,边界村,边界村,Mir_Pb03,Mir_Pb03,826,458,586,721
20,142,142,森林深处,边界村,边界村,Mir_Pb03,Mir_Pb03,1269,531,965,1081
21,142,143,比奇省,边界村,比奇省,Mir_Pb03,Mir_Pb02,1084,841,1190,526
3,142,142,边界村,边界村,边界村,Mir_Pb03,Mir_Pb03,702,619,903,386
4,142,142,客栈,边界村,边界村,Mir_Pb03,Mir_Pb03,904,388,700,621
5,142,142,边界村,边界村,边界村,Mir_Pb03,Mir_Pb03,668,654,889,444
6,142,142,首饰和仓库,边界村,边界村,Mir_Pb03,Mir_Pb03,886,447,665,657
7,142,142,边界村,边界村,边界村,Mir_Pb03,Mir_Pb03,634,687,919,424
8,142,142,藏书阁,边界村,边界村,Mir_Pb03,Mir_Pb03,921,426,631,691
9,142,142,边界村,边界村,边界村,Mir_Pb03,Mir_Pb03,556,691,962,436
1,143,145,沃玛森林,比奇省,沃玛森林,Mir_Pb02,Mir_Dg04,1160,975,802,354
10,143,143,民居,比奇省,比奇省,Mir_Pb02,Mir_Pb02,1218,623,445,671
11,143,143,比奇省,比奇省,比奇省,Mir_Pb02,Mir_Pb02,712,470,1193,629
12,143,143,民居,比奇省,比奇省,Mir_Pb02,Mir_Pb02,1196,631,715,473
13,143,143,竞技场一层,比奇省,比奇省,Mir_Pb02,Mir_Pb02,486,594,601,560
14,143,143,竞技场二层,比奇省,比奇省,Mir_Pb02,Mir_Pb02,603,562,484,591
15,143,143,比奇省,比奇省,比奇省,Mir_Pb02,Mir_Pb02,586,546,935,645
16,143,143,竞技场一层,比奇省,比奇省,Mir_Pb02,Mir_Pb02,937,647,589,548
17,143,143,仓库二层,比奇省,比奇省,Mir_Pb02,Mir_Pb02,710,364,647,445
18,143,143,仓库一层,比奇省,比奇省,Mir_Pb02,Mir_Pb02,650,448,707,363
19,143,143,旅馆,比奇省,比奇省,Mir_Pb02,Mir_Pb02,531,508,672,518
2,143,147,盟重省,比奇省,盟重省,Mir_Pb02,MirPb01,862,871,1029,266
20,143,143,厨房,比奇省,比奇省,Mir_Pb02,Mir_Pb02,675,521,534,511
21,143,143,比奇省,比奇省,比奇省,Mir_Pb02,Mir_Pb02,548,658,968,707
22,143,143,研究院,比奇省,比奇省,Mir_Pb02,Mir_Pb02,972,704,551,655
23,143,143,比奇省,比奇省,比奇省,Mir_Pb02,Mir_Pb02,554,641,974,684
24,143,143,研究院,比奇省,比奇省,Mir_Pb02,Mir_Pb02,977,688,556,644
25,143,143,比奇省,比奇省,比奇省,Mir_Pb02,Mir_Pb02,570,635,997,679
26,143,143,研究院,比奇省,比奇省,Mir_Pb02,Mir_Pb02,993,683,567,638
27,143,143,比奇省,比奇省,比奇省,Mir_Pb02,Mir_Pb02,980,136,1061,745
28,143,143,皇宫,比奇省,比奇省,Mir_Pb02,Mir_Pb02,1057,749,977,139
29,143,143,比奇省,比奇省,比奇省,Mir_Pb02,Mir_Pb02,566,478,1135,606
3,143,143,比奇省,比奇省,比奇省,Mir_Pb02,Mir_Pb02,662,512,1169,567
30,143,143,肉铺,比奇省,比奇省,Mir_Pb02,Mir_Pb02,1131,609,563,482
31,143,143,比奇省,比奇省,比奇省,Mir_Pb02,Mir_Pb02,704,357,1167,631
32,143,143,仓库,比奇省,比奇省,Mir_Pb02,Mir_Pb02,1165,633,701,360
33,143,143,比奇省,比奇省,比奇省,Mir_Pb02,Mir_Pb02,739,395,1123,645
34,143,143,书店,比奇省,比奇省,Mir_Pb02,Mir_Pb02,1120,647,736,398
35,143,143,药店,比奇省,比奇省,Mir_Pb02,Mir_Pb02,1107,575,784,348
36,143,143,比奇省,比奇省,比奇省,Mir_Pb02,Mir_Pb02,781,352,1105,573
37,143,143,首饰店,比奇省,比奇省,Mir_Pb02,Mir_Pb02,1143,597,802,257
38,143,143,比奇省,比奇省,比奇省,Mir_Pb02,Mir_Pb02,799,254,1141,594
39,143,143,比奇省,比奇省,比奇省,Mir_Pb02,Mir_Pb02,814,239,1153,582
4,143,143,旅馆,比奇省,比奇省,Mir_Pb02,Mir_Pb02,1171,570,664,514
40,143,143,首饰店,比奇省,比奇省,Mir_Pb02,Mir_Pb02,1154,585,817,242
41,143,143,比奇省,比奇省,比奇省,Mir_Pb02,Mir_Pb02,754,296,1075,542
42,143,143,武器店,比奇省,比奇省,Mir_Pb02,Mir_Pb02,1072,546,751,300
43,143,143,比奇省,比奇省,比奇省,Mir_Pb02,Mir_Pb02,768,310,1089,557
44,143,143,武器店,比奇省,比奇省,Mir_Pb02,Mir_Pb02,1086,560,765,314
45,143,143,服饰店,比奇省,比奇省,Mir_Pb02,Mir_Pb02,1123,562,838,299
46,143,143,比奇省,比奇省,比奇省,Mir_Pb02,Mir_Pb02,834,296,1120,559
47,143,143,比奇省,比奇省,比奇省,Mir_Pb02,Mir_Pb02,847,283,1135,545
48,143,143,服饰店,比奇省,比奇省,Mir_Pb02,Mir_Pb02,1137,548,850,287
49,143,142,边界村,比奇省,边界村,Mir_Pb02,Mir_Pb03,1198,520,1087,837
5,143,143,比奇省,比奇省,比奇省,Mir_Pb02,Mir_Pb02,421,636,1059,522
50,143,144,比奇矿区,比奇省,比奇矿区,Mir_Pb02,Mir_Dg03,782,785,1004,120
6,143,143,民居,比奇省,比奇省,Mir_Pb02,Mir_Pb02,1056,526,418,640
7,143,143,比奇省,比奇省,比奇省,Mir_Pb02,Mir_Pb02,485,716,1017,625
8,143,143,民居,比奇省,比奇省,Mir_Pb02,Mir_Pb02,1020,628,488,719
9,143,143,比奇省,比奇省,比奇省,Mir_Pb02,Mir_Pb02,442,667,1215,620
1,144,143,比奇省,比奇矿区,比奇省,Mir_Dg03,Mir_Pb02,1001,118,787,781
2,144,153,矿区二层,比奇矿区,比奇矿区二层,Mir_Dg03,Mir_Dg03_1,1094,430,1124,206
3,144,153,矿区二层,比奇矿区,比奇矿区二层,Mir_Dg03,Mir_Dg03_1,1022,276,1014,219
1,145,93,白日门海岸,沃玛森林,白日门海岸,Mir_Dg04,MirDg19,1062,310,828,380
2,145,143,比奇省,沃玛森林,比奇省,Mir_Dg04,Mir_Pb02,800,356,1161,970
3,145,187,丛林迷宫,沃玛森林,丛林迷宫,Mir_Dg04,MirDg10,1190,536,779,513
4,145,145,沃玛森林,沃玛森林,沃玛森林,Mir_Dg04,Mir_Dg04,929,828,1026,637
5,145,145,堕落坟场,沃玛森林,沃玛森林,Mir_Dg04,Mir_Dg04,1029,640,926,827
6,145,146,沃玛寺庙,沃玛森林,沃玛寺庙一层,Mir_Dg04,Mir_Dg05,1147,457,905,745
1,146,146,沃玛寺庙入口,沃玛寺庙一层,沃玛寺庙一层,Mir_Dg05,Mir_Dg05,974,495,953,781
2,146,215,暗影通道一,沃玛寺庙一层,暗影通道四,Mir_Dg05,Mir_Dg05_7,1126,396,985,152
3,146,146,沃玛寺庙一层,沃玛寺庙一层,沃玛寺庙一层,Mir_Dg05,Mir_Dg05,955,783,977,499
4,146,155,沃玛寺庙二层,沃玛寺庙一层,沃玛寺庙二层,Mir_Dg05,Mir_Dg05_1,1098,592,928,633
5,146,145,沃玛森林,沃玛寺庙一层,沃玛森林,Mir_Dg05,Mir_Dg04,902,742,1145,455
1,147,147,酒馆一层,盟重省,盟重省,MirPb01,MirPb01,654,1005,684,967
10,147,147,盟重省,盟重省,盟重省,MirPb01,MirPb01,724,929,1009,498
11,147,147,药店,盟重省,盟重省,MirPb01,MirPb01,1006,501,722,931
12,147,147,盟重省,盟重省,盟重省,MirPb01,MirPb01,750,958,831,544
13,147,147,书店,盟重省,盟重省,MirPb01,MirPb01,828,547,749,961
14,147,147,盟重省,盟重省,盟重省,MirPb01,MirPb01,690,957,864,576
15,147,147,酒馆一层,盟重省,盟重省,MirPb01,MirPb01,861,578,687,961
16,147,147,旅馆一层,盟重省,盟重省,MirPb01,MirPb01,685,1036,722,998
17,147,147,旅馆二层,盟重省,盟重省,MirPb01,MirPb01,719,1002,681,1034
18,147,147,酒馆二层,盟重省,盟重省,MirPb01,MirPb01,686,968,651,1002
19,147,143,比奇省,盟重省,比奇省,MirPb01,Mir_Pb02,1029,261,867,868
2,147,147,盟重省,盟重省,盟重省,MirPb01,MirPb01,684,897,975,481
20,147,186,随机长廊,盟重省,随机长廊,MirPb01,MirAct04,955,539,1012,102
21,147,147,盟重省,盟重省,盟重省,MirPb01,MirPb01,664,847,935,544
22,147,147,铁匠铺,盟重省,盟重省,MirPb01,MirPb01,932,547,661,850
23,147,147,盟重省,盟重省,盟重省,MirPb01,MirPb01,612,817,965,569
24,147,147,首饰店,盟重省,盟重省,MirPb01,MirPb01,967,571,616,819
25,147,147,盟重省,盟重省,盟重省,MirPb01,MirPb01,598,857,957,570
26,147,147,服饰店,盟重省,盟重省,MirPb01,MirPb01,955,572,594,853
27,147,152,沙巴克,盟重省,沙巴克,MirPb01,MirCt01,771,463,1164,436
28,147,152,沙巴克,盟重省,沙巴克,MirPb01,MirCt01,790,667,1006,695
29,147,149,石墓一层,盟重省,石墓一层,MirPb01,Mir_Dg02,963,530,1227,420
3,147,147,盟重省,盟重省,盟重省,MirPb01,MirPb01,652,931,993,539
30,147,148,死亡峡谷一层,盟重省,死亡峡谷一层,MirPb01,MirDg01,1213,725,1318,550
4,147,147,民居,盟重省,盟重省,MirPb01,MirPb01,996,542,655,933
5,147,147,盟重省,盟重省,盟重省,MirPb01,MirPb01,623,961,1018,519
6,147,147,民居,盟重省,盟重省,MirPb01,MirPb01,1021,522,625,964
7,147,147,民居,盟重省,盟重省,MirPb01,MirPb01,979,485,688,900
8,147,147,盟重省,盟重省,盟重省,MirPb01,MirPb01,722,991,965,477
9,147,147,旅馆一层,盟重省,盟重省,MirPb01,MirPb01,961,481,718,994
1,148,201,死亡峡谷二层,死亡峡谷一层,死亡峡谷二层,MirDg01,MirDg01_3,1209,526,892,597
2,148,147,盟重省,死亡峡谷一层,盟重省,MirDg01,MirPb01,1315,553,1208,722
1,149,159,石墓二层,石墓一层,石墓二层,Mir_Dg02,Mir_Dg02_1,804,402,1047,621
2,149,159,石墓二层,石墓一层,石墓二层,Mir_Dg02,Mir_Dg02_1,957,258,1148,537
3,149,147,盟重省,石墓一层,盟重省,Mir_Dg02,MirPb01,1232,414,967,527
1,152,152,沙巴克仓库,沙巴克,沙巴克,MirCt01,MirCt01,1050,504,587,940
10,152,152,沙巴克杂货铺,沙巴克,沙巴克,MirCt01,MirCt01,1064,489,395,1130
11,152,152,沙巴克,沙巴克,沙巴克,MirCt01,MirCt01,332,1196,1074,498
12,152,152,沙巴克牢房,沙巴克,沙巴克,MirCt01,MirCt01,1076,501,336,1196
13,152,175,祖玛寺长廊,沙巴克,祖玛寺长廊,MirCt01,MirDg07,839,562,1024,30
14,152,178,秘密通道,沙巴克,秘密通道,MirCt01,MirDg08,1039,550,996,259
15,152,178,秘密通道,沙巴克,秘密通道,MirCt01,MirDg08,1126,543,1138,255
16,152,178,秘密通道,沙巴克,秘密通道,MirCt01,MirDg08,1137,554,1139,366
17,152,152,沙巴克,沙巴克,沙巴克,MirCt01,MirCt01,508,1012,1015,532
18,152,152,沙巴克药店,沙巴克,沙巴克,MirCt01,MirCt01,1018,535,512,1013
19,152,152,沙巴克,沙巴克,沙巴克,MirCt01,MirCt01,646,881,1001,548
2,152,152,沙巴克,沙巴克,沙巴克,MirCt01,MirCt01,584,937,1047,502
20,152,152,沙巴克书店,沙巴克,沙巴克,MirCt01,MirCt01,1003,550,649,884
21,152,147,盟重省,沙巴克,盟重省,MirCt01,MirPb01,1169,432,777,466
22,152,147,盟重省,沙巴克,盟重省,MirCt01,MirPb01,1010,696,790,663
3,152,152,沙巴克服装店,沙巴克,沙巴克,MirCt01,MirCt01,1031,548,460,1065
4,152,152,沙巴克,沙巴克,沙巴克,MirCt01,MirCt01,459,1060,1027,545
5,152,152,沙巴克,沙巴克,沙巴克,MirCt01,MirCt01,190,1338,1012,558
6,152,152,沙巴克首饰店,沙巴克,沙巴克,MirCt01,MirCt01,1015,562,193,1341
7,152,152,沙巴克,沙巴克,沙巴克,MirCt01,MirCt01,260,1264,1059,514
8,152,152,沙巴克武器店,沙巴克,沙巴克,MirCt01,MirCt01,1062,516,260,1268
9,152,152,沙巴克,沙巴克,沙巴克,MirCt01,MirCt01,392,1127,1062,487
1,153,154,矿区三层,比奇矿区二层,比奇矿区三层,Mir_Dg03_1,Mir_Dg03_2,920,418,1212,328
2,153,144,矿区一层,比奇矿区二层,比奇矿区,Mir_Dg03_1,Mir_Dg03,1128,203,1096,427
3,153,144,矿区一层,比奇矿区二层,比奇矿区,Mir_Dg03_1,Mir_Dg03,1016,217,1024,274
1,154,153,矿区二层,比奇矿区三层,比奇矿区二层,Mir_Dg03_2,Mir_Dg03_1,1216,323,924,415
1,155,219,幽闭通道一,沃玛寺庙二层,幽闭通道一,Mir_Dg05_1,Mir_Dg05_11,801,765,1078,206
2,155,155,沃玛寺庙二层,沃玛寺庙二层,沃玛寺庙二层,Mir_Dg05_1,Mir_Dg05_1,1076,208,755,625
3,155,155,藏经阁,沃玛寺庙二层,沃玛寺庙二层,Mir_Dg05_1,Mir_Dg05_1,757,629,1035,179
4,155,156,沃玛寺庙三层,沃玛寺庙二层,沃玛寺庙三层,Mir_Dg05_1,Mir_Dg05_2,1054,478,919,329
5,155,146,沃玛寺庙一层,沃玛寺庙二层,沃玛寺庙一层,Mir_Dg05_1,Mir_Dg05,930,635,1094,588
1,156,155,沃玛寺庙二层,沃玛寺庙三层,沃玛寺庙二层,Mir_Dg05_2,Mir_Dg05_1,924,334,1052,477
1,157,201,死亡峡谷二层,死亡峡谷三层,死亡峡谷二层,MirDg01_1,MirDg01_3,1350,536,681,481
2,157,202,死亡峡谷四层,死亡峡谷三层,死亡峡谷四层,MirDg01_1,MirDg01_4,1267,620,767,557
1,158,210,幽虫洞窟,死亡峡谷五层,幽虫洞窟,MirDg01_2,MirDg01_8,1296,652,1142,312
2,158,202,死亡峡谷四层,死亡峡谷五层,死亡峡谷四层,MirDg01_2,MirDg01_4,1394,513,798,528
3,158,203,死亡峡谷六层,死亡峡谷五层,死亡峡谷六层,MirDg01_2,MirDg01_5,1275,628,844,603
1,159,206,香石墓穴三层,石墓二层,香石墓穴三层,Mir_Dg02_1,MirDg08_3,1010,357,815,380
2,159,160,石墓三层,石墓二层,石墓三层,Mir_Dg02_1,Mir_Dg02_2,977,265,967,584
3,159,149,石墓一层,石墓二层,石墓一层,Mir_Dg02_1,Mir_Dg02,1052,626,807,405
4,159,149,石墓一层,石墓二层,石墓一层,Mir_Dg02_1,Mir_Dg02,1152,541,962,263
1,160,161,石墓四层,石墓三层,石墓四层,Mir_Dg02_2,Mir_Dg02_3,963,259,953,658
2,160,159,石墓二层,石墓三层,石墓二层,Mir_Dg02_2,Mir_Dg02_1,962,589,973,269
1,161,162,石墓五层,石墓四层,石墓五层,Mir_Dg02_3,Mir_Dg02_4,951,325,966,584
2,161,160,石墓三层,石墓四层,石墓三层,Mir_Dg02_3,Mir_Dg02_2,958,662,966,262
1,162,163,石墓阵,石墓五层,石墓阵,Mir_Dg02_4,Mir_Dg02_5,990,285,1478,562
2,162,161,石墓四层,石墓五层,石墓四层,Mir_Dg02_4,Mir_Dg02_3,961,589,948,328
1,163,163,石墓阵,石墓阵,石墓阵,Mir_Dg02_5,Mir_Dg02_5,782,1032,900,901
10,163,163,石墓阵,石墓阵,石墓阵,Mir_Dg02_5,Mir_Dg02_5,1031,127,672,674
100,163,163,石墓阵,石墓阵,石墓阵,Mir_Dg02_5,Mir_Dg02_5,1371,692,899,448
101,163,163,石墓阵,石墓阵,石墓阵,Mir_Dg02_5,Mir_Dg02_5,1461,557,914,462
102,163,163,石墓阵,石墓阵,石墓阵,Mir_Dg02_5,Mir_Dg02_5,1461,579,914,449
103,163,163,石墓阵,石墓阵,石墓阵,Mir_Dg02_5,Mir_Dg02_5,1484,558,1013,574
11,163,163,石墓阵,石墓阵,石墓阵,Mir_Dg02_5,Mir_Dg02_5,556,783,1027,350
12,163,163,石墓阵,石墓阵,石墓阵,Mir_Dg02_5,Mir_Dg02_5,556,806,1027,336
13,163,163,石墓阵,石墓阵,石墓阵,Mir_Dg02_5,Mir_Dg02_5,578,784,1125,689
14,163,163,石墓阵,石墓阵,石墓阵,Mir_Dg02_5,Mir_Dg02_5,578,806,1125,674
15,163,163,石墓阵,石墓阵,石墓阵,Mir_Dg02_5,Mir_Dg02_5,669,670,574,575
16,163,163,石墓阵,石墓阵,石墓阵,Mir_Dg02_5,Mir_Dg02_5,669,692,1140,676
17,163,163,石墓阵,石墓阵,石墓阵,Mir_Dg02_5,Mir_Dg02_5,691,671,1465,576
18,163,163,石墓阵,石墓阵,石墓阵,Mir_Dg02_5,Mir_Dg02_5,692,693,1465,561
19,163,163,石墓阵,石墓阵,石墓阵,Mir_Dg02_5,Mir_Dg02_5,782,557,1479,575
2,163,163,石墓阵,石墓阵,石墓阵,Mir_Dg02_5,Mir_Dg02_5,1484,579,1139,901
20,163,163,石墓阵,石墓阵,石墓阵,Mir_Dg02_5,Mir_Dg02_5,782,579,1478,562
21,163,163,石墓阵,石墓阵,石墓阵,Mir_Dg02_5,Mir_Dg02_5,805,558,1239,801
22,163,163,石墓阵,石墓阵,石墓阵,Mir_Dg02_5,Mir_Dg02_5,805,579,1238,786
23,163,163,石墓阵,石墓阵,石墓阵,Mir_Dg02_5,Mir_Dg02_5,896,444,687,462
24,163,163,石墓阵,石墓阵,石墓阵,Mir_Dg02_5,Mir_Dg02_5,895,466,1253,788
25,163,163,石墓阵,石墓阵,石墓阵,Mir_Dg02_5,Mir_Dg02_5,918,445,1239,575
26,163,163,石墓阵,石墓阵,石墓阵,Mir_Dg02_5,Mir_Dg02_5,918,466,1238,561
27,163,163,石墓阵,石墓阵,石墓阵,Mir_Dg02_5,Mir_Dg02_5,1009,331,1254,576
28,163,163,石墓阵,石墓阵,石墓阵,Mir_Dg02_5,Mir_Dg02_5,1008,353,1254,562
29,163,163,石墓阵,石墓阵,石墓阵,Mir_Dg02_5,Mir_Dg02_5,1031,332,787,801
3,163,164,虹魔教坛,石墓阵,虹魔教坛,Mir_Dg02_5,Mir_Dg02_6,1031,105,1081,294
30,163,163,石墓阵,石墓阵,石墓阵,Mir_Dg02_5,Mir_Dg02_5,1031,353,786,787
31,163,163,石墓阵,石墓阵,石墓阵,Mir_Dg02_5,Mir_Dg02_5,692,897,673,916
32,163,163,石墓阵,石墓阵,石墓阵,Mir_Dg02_5,Mir_Dg02_5,692,919,674,901
33,163,163,石墓阵,石墓阵,石墓阵,Mir_Dg02_5,Mir_Dg02_5,782,784,687,915
34,163,163,石墓阵,石墓阵,石墓阵,Mir_Dg02_5,Mir_Dg02_5,1122,217,801,801
35,163,163,石墓阵,石墓阵,石墓阵,Mir_Dg02_5,Mir_Dg02_5,1122,240,800,789
36,163,163,石墓阵,石墓阵,石墓阵,Mir_Dg02_5,Mir_Dg02_5,1144,218,561,801
37,163,163,石墓阵,石墓阵,石墓阵,Mir_Dg02_5,Mir_Dg02_5,1144,240,561,789
38,163,163,石墓阵,石墓阵,石墓阵,Mir_Dg02_5,Mir_Dg02_5,669,897,574,801
39,163,163,石墓阵,石墓阵,石墓阵,Mir_Dg02_5,Mir_Dg02_5,669,919,573,789
4,163,163,石墓阵,石墓阵,石墓阵,Mir_Dg02_5,Mir_Dg02_5,579,580,1238,786
40,163,163,石墓阵,石墓阵,石墓阵,Mir_Dg02_5,Mir_Dg02_5,782,806,687,902
41,163,163,石墓阵,石墓阵,石墓阵,Mir_Dg02_5,Mir_Dg02_5,805,784,1126,915
42,163,163,石墓阵,石墓阵,石墓阵,Mir_Dg02_5,Mir_Dg02_5,805,806,1125,899
43,163,163,石墓阵,石墓阵,石墓阵,Mir_Dg02_5,Mir_Dg02_5,896,670,1140,914
44,163,163,石墓阵,石墓阵,石墓阵,Mir_Dg02_5,Mir_Dg02_5,895,692,800,336
45,163,163,石墓阵,石墓阵,石墓阵,Mir_Dg02_5,Mir_Dg02_5,918,671,1351,462
46,163,163,石墓阵,石墓阵,石墓阵,Mir_Dg02_5,Mir_Dg02_5,918,693,1353,448
47,163,163,石墓阵,石墓阵,石墓阵,Mir_Dg02_5,Mir_Dg02_5,1009,557,1367,463
48,163,163,石墓阵,石墓阵,石墓阵,Mir_Dg02_5,Mir_Dg02_5,1009,579,1366,448
49,163,163,石墓阵,石墓阵,石墓阵,Mir_Dg02_5,Mir_Dg02_5,1031,558,1140,449
5,163,163,石墓阵,石墓阵,石墓阵,Mir_Dg02_5,Mir_Dg02_5,692,467,1352,674
50,163,163,石墓阵,石墓阵,石墓阵,Mir_Dg02_5,Mir_Dg02_5,1031,579,1126,448
51,163,163,石墓阵,石墓阵,石墓阵,Mir_Dg02_5,Mir_Dg02_5,1122,444,1140,462
52,163,163,石墓阵,石墓阵,石墓阵,Mir_Dg02_5,Mir_Dg02_5,1122,466,1140,449
53,163,163,石墓阵,石墓阵,石墓阵,Mir_Dg02_5,Mir_Dg02_5,1144,445,787,576
54,163,163,石墓阵,石墓阵,石墓阵,Mir_Dg02_5,Mir_Dg02_5,1144,466,787,562
55,163,163,石墓阵,石墓阵,石墓阵,Mir_Dg02_5,Mir_Dg02_5,1257,332,1126,236
56,163,163,石墓阵,石墓阵,石墓阵,Mir_Dg02_5,Mir_Dg02_5,1235,331,1368,690
57,163,163,石墓阵,石墓阵,石墓阵,Mir_Dg02_5,Mir_Dg02_5,1235,353,1365,676
58,163,163,石墓阵,石墓阵,石墓阵,Mir_Dg02_5,Mir_Dg02_5,1258,353,900,675
59,163,163,石墓阵,石墓阵,石墓阵,Mir_Dg02_5,Mir_Dg02_5,805,1010,1352,689
6,163,163,石墓阵,石墓阵,石墓阵,Mir_Dg02_5,Mir_Dg02_5,805,332,1012,802
60,163,163,石墓阵,石墓阵,石墓阵,Mir_Dg02_5,Mir_Dg02_5,782,1010,914,689
61,163,163,石墓阵,石墓阵,石墓阵,Mir_Dg02_5,Mir_Dg02_5,805,1032,899,1127
62,163,163,石墓阵,石墓阵,石墓阵,Mir_Dg02_5,Mir_Dg02_5,918,897,900,688
63,163,163,石墓阵,石墓阵,石墓阵,Mir_Dg02_5,Mir_Dg02_5,895,896,914,1142
64,163,163,石墓阵,石墓阵,石墓阵,Mir_Dg02_5,Mir_Dg02_5,895,919,913,1128
65,163,163,石墓阵,石墓阵,石墓阵,Mir_Dg02_5,Mir_Dg02_5,918,919,1126,222
66,163,163,石墓阵,石墓阵,石墓阵,Mir_Dg02_5,Mir_Dg02_5,1008,783,1140,236
67,163,163,石墓阵,石墓阵,石墓阵,Mir_Dg02_5,Mir_Dg02_5,1031,784,899,1142
68,163,163,石墓阵,石墓阵,石墓阵,Mir_Dg02_5,Mir_Dg02_5,1008,805,1139,223
69,163,163,石墓阵,石墓阵,石墓阵,Mir_Dg02_5,Mir_Dg02_5,1031,806,1011,1013
7,163,163,石墓阵,石墓阵,石墓阵,Mir_Dg02_5,Mir_Dg02_5,918,218,1239,801
70,163,163,石墓阵,石墓阵,石墓阵,Mir_Dg02_5,Mir_Dg02_5,1144,671,899,462
71,163,163,石墓阵,石墓阵,石墓阵,Mir_Dg02_5,Mir_Dg02_5,1122,670,1027,1029
72,163,163,石墓阵,石墓阵,石墓阵,Mir_Dg02_5,Mir_Dg02_5,1144,692,1013,787
73,163,163,石墓阵,石墓阵,石墓阵,Mir_Dg02_5,Mir_Dg02_5,1122,692,1026,1015
74,163,163,石墓阵,石墓阵,石墓阵,Mir_Dg02_5,Mir_Dg02_5,1257,558,1012,1029
75,163,163,石墓阵,石墓阵,石墓阵,Mir_Dg02_5,Mir_Dg02_5,1235,557,1028,802
76,163,163,石墓阵,石墓阵,石墓阵,Mir_Dg02_5,Mir_Dg02_5,1235,579,1026,789
77,163,163,石墓阵,石墓阵,石墓阵,Mir_Dg02_5,Mir_Dg02_5,1257,579,786,1014
78,163,163,石墓阵,石墓阵,石墓阵,Mir_Dg02_5,Mir_Dg02_5,1348,444,801,1029
79,163,163,石墓阵,石墓阵,石墓阵,Mir_Dg02_5,Mir_Dg02_5,1370,445,1012,802
8,163,163,石墓阵,石墓阵,石墓阵,Mir_Dg02_5,Mir_Dg02_5,1009,105,574,801
80,163,163,石墓阵,石墓阵,石墓阵,Mir_Dg02_5,Mir_Dg02_5,1348,466,800,1015
81,163,163,石墓阵,石墓阵,石墓阵,Mir_Dg02_5,Mir_Dg02_5,1371,466,672,674
82,163,163,石墓阵,石墓阵,石墓阵,Mir_Dg02_5,Mir_Dg02_5,917,1123,787,1028
83,163,163,石墓阵,石墓阵,石墓阵,Mir_Dg02_5,Mir_Dg02_5,895,1123,689,690
84,163,163,石墓阵,石墓阵,石墓阵,Mir_Dg02_5,Mir_Dg02_5,895,1145,913,223
85,163,163,石墓阵,石墓阵,石墓阵,Mir_Dg02_5,Mir_Dg02_5,918,1145,1013,109
86,163,163,石墓阵,石墓阵,石墓阵,Mir_Dg02_5,Mir_Dg02_5,1031,1010,688,675
87,163,163,石墓阵,石墓阵,石墓阵,Mir_Dg02_5,Mir_Dg02_5,1009,1010,1027,123
88,163,163,石墓阵,石墓阵,石墓阵,Mir_Dg02_5,Mir_Dg02_5,1008,1032,1027,110
89,163,163,石墓阵,石墓阵,石墓阵,Mir_Dg02_5,Mir_Dg02_5,1031,1032,1238,334
9,163,163,石墓阵,石墓阵,石墓阵,Mir_Dg02_5,Mir_Dg02_5,1009,127,573,789
90,163,163,石墓阵,石墓阵,石墓阵,Mir_Dg02_5,Mir_Dg02_5,1144,897,1013,124
91,163,163,石墓阵,石墓阵,石墓阵,Mir_Dg02_5,Mir_Dg02_5,1122,896,1253,349
92,163,163,石墓阵,石墓阵,石墓阵,Mir_Dg02_5,Mir_Dg02_5,1122,919,1253,336
93,163,163,石墓阵,石墓阵,石墓阵,Mir_Dg02_5,Mir_Dg02_5,1257,784,1239,350
94,163,163,石墓阵,石墓阵,石墓阵,Mir_Dg02_5,Mir_Dg02_5,1235,783,915,916
95,163,163,石墓阵,石墓阵,石墓阵,Mir_Dg02_5,Mir_Dg02_5,1235,805,913,902
96,163,163,石墓阵,石墓阵,石墓阵,Mir_Dg02_5,Mir_Dg02_5,1257,806,1013,561
97,163,163,石墓阵,石墓阵,石墓阵,Mir_Dg02_5,Mir_Dg02_5,1348,670,1027,575
98,163,163,石墓阵,石墓阵,石墓阵,Mir_Dg02_5,Mir_Dg02_5,1348,692,1028,561
99,163,163,石墓阵,石墓阵,石墓阵,Mir_Dg02_5,Mir_Dg02_5,1370,671,900,914
1,164,163,石墓阵,虹魔教坛,石墓阵,Mir_Dg02_6,Mir_Dg02_5,1086,298,1013,124
1,167,168,祖玛寺庙三层,祖玛寺庙二层,祖玛寺庙三层,MirDg07_2,MirDg07_3,1120,195,1054,283
2,167,180,祖玛寺庙一层,祖玛寺庙二层,祖玛寺庙一层,MirDg07_2,MirDg07_1,1074,206,895,239
3,167,167,祖玛寺庙二层,祖玛寺庙二层,祖玛寺庙二层,MirDg07_2,MirDg07_2,958,365,942,344
4,167,167,祖玛书阁,祖玛寺庙二层,祖玛寺庙二层,MirDg07_2,MirDg07_2,944,347,961,368
5,167,167,祖玛寺庙二层,祖玛寺庙二层,祖玛寺庙二层,MirDg07_2,MirDg07_2,892,299,912,313
6,167,167,祖玛书阁,祖玛寺庙二层,祖玛寺庙二层,MirDg07_2,MirDg07_2,909,311,888,296
1,168,167,祖玛寺庙二层,祖玛寺庙三层,祖玛寺庙二层,MirDg07_3,MirDg07_2,1059,286,1118,191
2,168,169,祖玛寺庙四层,祖玛寺庙三层,祖玛寺庙四层,MirDg07_3,MirDg07_4,946,338,1054,284
1,169,170,祖玛寺庙五层,祖玛寺庙四层,祖玛寺庙五层,MirDg07_4,MirDg07_5,1153,327,990,277
2,169,168,祖玛寺庙三层,祖玛寺庙四层,祖玛寺庙三层,MirDg07_4,MirDg07_3,1059,286,948,335
1,170,169,祖玛寺庙四层,祖玛寺庙五层,祖玛寺庙四层,MirDg07_5,MirDg07_4,993,273,1150,323
2,170,171,祖玛阁,祖玛寺庙五层,祖玛阁,MirDg07_5,MirDg07_6,963,370,1011,68
1,171,171,祖玛阁,祖玛阁,祖玛阁,MirDg07_6,MirDg07_6,995,237,992,239
10,171,171,祖玛阁,祖玛阁,祖玛阁,MirDg07_6,MirDg07_6,1037,97,969,207
11,171,171,祖玛阁,祖玛阁,祖玛阁,MirDg07_6,MirDg07_6,1038,105,1012,70
12,171,171,祖玛阁,祖玛阁,祖玛阁,MirDg07_6,MirDg07_6,1050,131,1001,158
13,171,171,祖玛阁,祖玛阁,祖玛阁,MirDg07_6,MirDg07_6,1058,131,1001,155
14,171,171,祖玛阁,祖玛阁,祖玛阁,MirDg07_6,MirDg07_6,986,237,966,210
15,171,171,祖玛阁,祖玛阁,祖玛阁,MirDg07_6,MirDg07_6,956,297,927,270
16,171,171,祖玛阁,祖玛阁,祖玛阁,MirDg07_6,MirDg07_6,947,297,1027,191
17,171,171,祖玛阁,祖玛阁,祖玛阁,MirDg07_6,MirDg07_6,902,231,1009,67
18,171,171,祖玛阁,祖玛阁,祖玛阁,MirDg07_6,MirDg07_6,911,240,966,207
19,171,171,祖玛阁,祖玛阁,祖玛阁,MirDg07_6,MirDg07_6,963,205,930,267
2,171,171,祖玛阁,祖玛阁,祖玛阁,MirDg07_6,MirDg07_6,911,231,1052,136
20,171,171,祖玛阁,祖玛阁,祖玛阁,MirDg07_6,MirDg07_6,972,205,947,177
21,171,171,祖玛阁,祖玛阁,祖玛阁,MirDg07_6,MirDg07_6,1007,152,979,125
22,171,171,祖玛阁,祖玛阁,祖玛阁,MirDg07_6,MirDg07_6,1029,185,1004,155
23,171,171,祖玛阁,祖玛阁,祖玛阁,MirDg07_6,MirDg07_6,1050,139,1026,188
24,171,171,祖玛阁,祖玛阁,祖玛阁,MirDg07_6,MirDg07_6,947,306,1056,133
25,171,171,祖玛阁,祖玛阁,祖玛阁,MirDg07_6,MirDg07_6,986,245,953,303
26,171,171,祖玛阁,祖玛阁,祖玛阁,MirDg07_6,MirDg07_6,1021,194,992,239
27,171,171,祖玛阁,祖玛阁,祖玛阁,MirDg07_6,MirDg07_6,924,273,953,299
28,171,171,祖玛阁,祖玛阁,祖玛阁,MirDg07_6,MirDg07_6,972,213,989,242
29,171,171,祖玛阁,祖玛阁,祖玛阁,MirDg07_6,MirDg07_6,1007,161,1023,191
3,171,171,祖玛阁,祖玛阁,祖玛阁,MirDg07_6,MirDg07_6,985,119,992,242
30,171,171,祖玛阁,祖玛阁,祖玛阁,MirDg07_6,MirDg07_6,903,240,979,122
31,171,171,祖玛阁,祖玛阁,祖玛阁,MirDg07_6,MirDg07_6,950,180,905,234
32,171,171,祖玛阁,祖玛阁,祖玛阁,MirDg07_6,MirDg07_6,933,273,944,174
33,171,171,祖玛阁,祖玛阁,祖玛阁,MirDg07_6,MirDg07_6,933,265,1008,70
34,171,171,祖玛阁,祖玛阁,祖玛阁,MirDg07_6,MirDg07_6,956,306,1032,99
35,171,171,祖玛阁,祖玛阁,祖玛阁,MirDg07_6,MirDg07_6,995,245,950,300
36,171,171,祖玛阁,祖玛阁,祖玛阁,MirDg07_6,MirDg07_6,1029,194,989,239
37,171,171,祖玛阁,祖玛阁,祖玛阁,MirDg07_6,MirDg07_6,1059,139,1023,188
38,171,171,祖玛阁,祖玛阁,祖玛阁,MirDg07_6,MirDg07_6,985,128,1053,133
39,171,171,祖玛阁,祖玛阁,祖玛阁,MirDg07_6,MirDg07_6,1006,64,982,125
4,171,171,祖玛阁,祖玛阁,祖玛阁,MirDg07_6,MirDg07_6,950,172,944,177
40,171,171,祖玛阁,祖玛阁,祖玛阁,MirDg07_6,MirDg07_6,942,180,908,234
41,171,171,祖玛阁,祖玛阁,祖玛阁,MirDg07_6,MirDg07_6,977,128,947,174
42,171,171,祖玛阁,祖玛阁,祖玛阁,MirDg07_6,MirDg07_6,1006,73,982,122
43,171,171,祖玛阁,祖玛阁,祖玛阁,MirDg07_6,MirDg07_6,964,213,930,270
44,171,171,祖玛阁,祖玛阁,祖玛阁,MirDg07_6,MirDg07_6,999,161,969,211
45,171,171,祖玛阁,祖玛阁,祖玛阁,MirDg07_6,MirDg07_6,1029,105,1004,158
46,171,171,祖玛阁,祖玛阁,祖玛阁,MirDg07_6,MirDg07_6,1015,73,1034,99
47,171,172,祖玛大厅,祖玛阁,祖玛大厅,MirDg07_6,MirDg07_7,924,265,1119,199
48,171,170,祖玛寺庙五层,祖玛阁,祖玛寺庙五层,MirDg07_6,MirDg07_5,1015,64,967,367
5,171,171,祖玛阁,祖玛阁,祖玛阁,MirDg07_6,MirDg07_6,998,152,905,237
6,171,171,祖玛阁,祖玛阁,祖玛阁,MirDg07_6,MirDg07_6,1021,185,950,303
7,171,171,祖玛阁,祖玛阁,祖玛阁,MirDg07_6,MirDg07_6,941,171,1056,137
8,171,171,祖玛阁,祖玛阁,祖玛阁,MirDg07_6,MirDg07_6,976,119,1035,103
9,171,171,祖玛阁,祖玛阁,祖玛阁,MirDg07_6,MirDg07_6,1029,97,908,237
1,172,171,祖玛阁,祖玛大厅,祖玛阁,MirDg07_7,MirDg07_6,1122,202,928,268
10,172,172,祖玛大厅西,祖玛大厅,祖玛大厅,MirDg07_7,MirDg07_7,520,778,623,668
11,172,172,祖玛大厅西,祖玛大厅,祖玛大厅,MirDg07_7,MirDg07_7,620,670,515,778
12,172,172,祖玛七层大厅,祖玛大厅,祖玛大厅,MirDg07_7,MirDg07_7,672,663,1110,168
13,172,172,祖玛大厅南,祖玛大厅,祖玛大厅,MirDg07_7,MirDg07_7,821,475,947,339
14,172,172,祖玛大厅南,祖玛大厅,祖玛大厅,MirDg07_7,MirDg07_7,945,342,816,475
15,172,172,祖玛七层大厅,祖玛大厅,祖玛大厅,MirDg07_7,MirDg07_7,997,336,1080,160
16,172,172,祖玛大厅南,祖玛大厅,祖玛大厅,MirDg07_7,MirDg07_7,1076,156,993,332
2,172,172,祖玛大厅西,祖玛大厅,祖玛大厅,MirDg07_7,MirDg07_7,1113,164,668,660
3,172,173,祖玛教主之家,祖玛大厅,祖玛教主之家,MirDg07_7,MirDg07_8,173,1132,873,187
4,172,172,祖玛大厅东,祖玛大厅,祖玛大厅,MirDg07_7,MirDg07_7,220,1076,339,945
5,172,172,祖玛大厅东,祖玛大厅,祖玛大厅,MirDg07_7,MirDg07_7,336,949,215,1076
6,172,172,祖玛七层大厅,祖玛大厅,祖玛大厅,MirDg07_7,MirDg07_7,389,941,1088,190
7,172,172,祖玛大厅东,祖玛大厅,祖玛大厅,MirDg07_7,MirDg07_7,1085,194,385,937
8,172,173,祖玛教主之家,祖玛大厅,祖玛教主之家,MirDg07_7,MirDg07_8,774,531,1029,30
9,172,173,祖玛教主之家,祖玛大厅,祖玛教主之家,MirDg07_7,MirDg07_8,473,835,949,111
1,173,172,祖玛大厅东,祖玛教主之家,祖玛大厅,MirDg07_8,MirDg07_7,876,183,176,1130
2,173,172,祖玛大厅南,祖玛教主之家,祖玛大厅,MirDg07_8,MirDg07_7,1033,25,777,529
3,173,172,祖玛大厅西,祖玛教主之家,祖玛大厅,MirDg07_8,MirDg07_7,952,106,476,831
1,175,152,沙巴克,祖玛寺长廊,沙巴克,MirDg07,MirCt01,1029,26,842,558
2,175,180,祖玛寺庙一层,祖玛寺长廊,祖玛寺庙一层,MirDg07,MirDg07_1,1018,35,1070,205
1,178,204,香石墓穴一层,秘密通道,香石墓穴一层,MirDg08,MirDg08_1,993,323,1313,488
2,178,152,沙巴克,秘密通道,沙巴克,MirDg08,MirCt01,993,256,1041,554
3,178,152,沙巴克,秘密通道,沙巴克,MirDg08,MirCt01,1141,252,1123,545
4,178,152,沙巴克,秘密通道,沙巴克,MirDg08,MirCt01,1143,363,1140,558
5,178,178,秘密通道,秘密通道,秘密通道,MirDg08,MirDg08,919,250,1073,224
6,178,178,不归路三层,秘密通道,秘密通道,MirDg08,MirDg08,978,191,886,284
7,178,178,不归路二层,秘密通道,秘密通道,MirDg08,MirDg08,1017,119,945,225
8,178,178,不归路,秘密通道,秘密通道,MirDg08,MirDg08,1076,221,984,152
1,180,167,祖玛寺庙二层,祖玛寺庙一层,祖玛寺庙二层,MirDg07_1,MirDg07_2,892,243,1069,204
2,180,180,祖玛书阁,祖玛寺庙一层,祖玛寺庙一层,MirDg07_1,MirDg07_1,909,311,888,296
3,180,180,祖玛寺庙一层,祖玛寺庙一层,祖玛寺庙一层,MirDg07_1,MirDg07_1,892,298,912,314
4,180,180,祖玛寺庙一层,祖玛寺庙一层,祖玛寺庙一层,MirDg07_1,MirDg07_1,958,366,941,344
5,180,180,祖玛书阁,祖玛寺庙一层,祖玛寺庙一层,MirDg07_1,MirDg07_1,945,346,961,368
6,180,175,祖玛长廊,祖玛寺庙一层,祖玛寺长廊,MirDg07_1,MirDg07,1074,206,1021,32
1,187,145,沃玛森林,丛林迷宫,沃玛森林,MirDg10,Mir_Dg04,773,518,1184,532
2,187,188,赤月峡谷北,丛林迷宫,赤月峡谷北入口,MirDg10,MirDg11,1311,744,902,233
3,187,190,赤月峡谷东,丛林迷宫,赤月峡谷东入口,MirDg10,MirDg11_2,800,893,953,290
4,187,189,赤月峡谷南,丛林迷宫,赤月峡谷南入口,MirDg10,MirDg11_1,1268,481,963,165
1,188,187,丛林迷宫,赤月峡谷北入口,丛林迷宫,MirDg11,MirDg10,899,236,1307,740
2,188,191,赤月峡谷广场,赤月峡谷北入口,赤月峡谷广场,MirDg11,MirDg11_3,1079,297,890,228
1,189,187,丛林迷宫,赤月峡谷南入口,丛林迷宫,MirDg11_1,MirDg10,960,168,1264,476
2,189,191,赤月峡谷广场,赤月峡谷南入口,赤月峡谷广场,MirDg11_1,MirDg11_3,1062,302,904,330
1,190,187,丛林迷宫,赤月峡谷东入口,丛林迷宫,MirDg11_2,MirDg10,950,293,805,891
2,190,191,赤月峡谷广场,赤月峡谷东入口,赤月峡谷广场,MirDg11_2,MirDg11_3,1157,223,991,269
1,191,194,右回廊,赤月峡谷广场,右回廊,MirDg11_3,MirDg11_6,1000,372,1043,149
2,191,193,左回廊,赤月峡谷广场,左回廊,MirDg11_3,MirDg11_5,1113,154,985,406
3,191,190,赤月峡谷东,赤月峡谷广场,赤月峡谷东入口,MirDg11_3,MirDg11_2,994,272,1153,226
4,191,189,赤月峡谷南,赤月峡谷广场,赤月峡谷南入口,MirDg11_3,MirDg11_1,907,333,1059,299
5,191,188,赤月峡谷北,赤月峡谷广场,赤月峡谷北入口,MirDg11_3,MirDg11,887,231,1075,294
1,193,195,抉择之地,左回廊,抉择之地,MirDg11_5,MirDg11_7,1009,322,1137,237
2,193,191,赤月峡谷广场,左回廊,赤月峡谷广场,MirDg11_5,MirDg11_3,988,408,1110,158
1,194,195,抉择之地,右回廊,抉择之地,MirDg11_6,MirDg11_7,1044,276,1109,274
2,194,191,赤月峡谷广场,右回廊,赤月峡谷广场,MirDg11_6,MirDg11_3,1046,145,997,369
1,195,197,山谷秘道,抉择之地,山谷秘道,MirDg11_7,MirDg11_9,1047,326,940,230
2,195,196,山谷秘道,抉择之地,山谷秘道,MirDg11_7,MirDg11_8,1077,268,965,167
3,195,194,右回廊,抉择之地,右回廊,MirDg11_7,MirDg11_6,1114,273,1042,274
4,195,193,左回廊,抉择之地,左回廊,MirDg11_7,MirDg11_5,1135,240,1006,319
1,196,198,恶魔祭坛,山谷秘道,恶魔祭坛,MirDg11_8,MirDg11_10,1038,268,1038,131
2,196,195,抉择之地,山谷秘道,抉择之地,MirDg11_8,MirDg11_7,965,167,1075,268
1,197,199,赤月魔穴,山谷秘道,赤月魔穴,MirDg11_9,MirDg11_11,1109,273,1029,114
2,197,195,抉择之地,山谷秘道,抉择之地,MirDg11_9,MirDg11_7,936,233,1050,323
1,198,196,山谷秘道,恶魔祭坛,山谷秘道,MirDg11_10,MirDg11_8,1041,134,1035,266
1,199,197,山谷秘道,赤月魔穴,山谷秘道,MirDg11_11,MirDg11_9,1031,117,1106,270
1,201,208,毒虫回廊,死亡峡谷二层,毒虫回廊,MirDg01_3,MirDg01_6,738,592,945,199
2,201,157,死亡峡谷三层,死亡峡谷二层,死亡峡谷三层,MirDg01_3,MirDg01_1,677,482,1352,533
3,201,148,死亡峡谷一层,死亡峡谷二层,死亡峡谷一层,MirDg01_3,MirDg01,895,598,1206,524
1,202,157,死亡峡谷三层,死亡峡谷四层,死亡峡谷三层,MirDg01_4,MirDg01_1,766,560,1264,619
2,202,158,死亡峡谷五层,死亡峡谷四层,死亡峡谷五层,MirDg01_4,MirDg01_2,802,527,1389,512
1,203,158,死亡峡谷五层,死亡峡谷六层,死亡峡谷五层,MirDg01_5,MirDg01_2,846,606,1273,625
1,204,205,香石墓穴二层,香石墓穴一层,香石墓穴二层,MirDg08_1,MirDg08_2,1230,415,950,508
2,204,178,秘密通道,香石墓穴一层,秘密通道,MirDg08_1,MirDg08,1316,485,997,319
1,205,204,香石墓穴一层,香石墓穴二层,香石墓穴一层,MirDg08_2,MirDg08_1,947,511,1234,419
2,205,206,香石墓穴三层,香石墓穴二层,香石墓穴三层,MirDg08_2,MirDg08_3,945,488,826,410
1,206,205,香石墓穴二层,香石墓穴三层,香石墓穴二层,MirDg08_3,MirDg08_2,822,414,941,492
2,206,159,石墓二层,香石墓穴三层,石墓二层,MirDg08_3,Mir_Dg02_1,818,376,1014,352
1,207,154,矿区三层,尸王殿,比奇矿区三层,Mir_Dg03_3,Mir_Dg03_2,1445,557,1009,322
2,207,154,矿区三层,尸王殿,比奇矿区三层,Mir_Dg03_3,Mir_Dg03_2,1361,552,914,390
1,208,201,死亡峡谷二层,毒虫回廊,死亡峡谷二层,MirDg01_6,MirDg01_3,949,199,735,590
2,208,209,虫巢,毒虫回廊,虫巢,MirDg01_6,MirDg01_7,1084,332,1111,282
1,209,208,毒虫回廊,虫巢,毒虫回廊,MirDg01_7,MirDg01_6,1114,280,1086,330
2,209,210,幽虫洞窟,虫巢,幽虫洞窟,MirDg01_7,MirDg01_8,957,330,934,394
1,210,209,虫巢,幽虫洞窟,虫巢,MirDg01_8,MirDg01_7,933,397,955,328
2,210,158,死亡峡谷五层,幽虫洞窟,死亡峡谷五层,MirDg01_8,MirDg01_2,1144,314,1298,648
1,211,212,暗影通道四,沃玛回廊,暗影通道一,Mir_Dg05_3,Mir_Dg05_4,868,355,1029,120
1,212,211,沃玛回廊,暗影通道一,沃玛回廊,Mir_Dg05_4,Mir_Dg05_3,1031,118,872,351
2,212,213,暗影通道三,暗影通道一,暗影通道二,Mir_Dg05_4,Mir_Dg05_5,993,154,946,753
1,213,212,暗影通道四,暗影通道二,暗影通道一,Mir_Dg05_5,Mir_Dg05_4,950,749,996,151
2,213,214,暗影通道二,暗影通道二,暗影通道三,Mir_Dg05_5,Mir_Dg05_6,911,786,1024,110
1,214,213,暗影通道三,暗影通道三,暗影通道二,Mir_Dg05_6,Mir_Dg05_5,1026,107,915,784
2,214,215,暗影通道一,暗影通道三,暗影通道四,Mir_Dg05_6,Mir_Dg05_7,987,144,1019,120
1,215,214,暗影通道二,暗影通道四,暗影通道三,Mir_Dg05_7,Mir_Dg05_6,1021,118,990,141
2,215,146,沃玛寺庙一层,暗影通道四,沃玛寺庙一层,Mir_Dg05_7,Mir_Dg05,982,155,1124,398
1,216,222,幽闭通道四,祭祀回廊,幽闭通道四,Mir_Dg05_8,Mir_Dg05_14,1084,196,1026,231
1,219,220,幽闭通道二,幽闭通道一,幽闭通道二,Mir_Dg05_11,Mir_Dg05_12,1037,250,1077,206
2,219,155,沃玛寺庙二层,幽闭通道一,沃玛寺庙二层,Mir_Dg05_11,Mir_Dg05_1,1081,202,804,762
1,220,221,幽闭通道三,幽闭通道二,幽闭通道三,Mir_Dg05_12,Mir_Dg05_13,1037,250,1077,205
2,220,219,幽闭通道一,幽闭通道二,幽闭通道一,Mir_Dg05_12,Mir_Dg05_11,1080,203,1040,246
1,221,222,幽闭通道四,幽闭通道三,幽闭通道四,Mir_Dg05_13,Mir_Dg05_14,1037,251,1077,206
2,221,220,幽闭通道二,幽闭通道三,幽闭通道二,Mir_Dg05_13,Mir_Dg05_12,1080,203,1040,247
1,222,216,祭祀回廊,幽闭通道四,祭祀回廊,Mir_Dg05_14,Mir_Dg05_8,1022,234,1081,199
2,222,221,幽闭通道三,幽闭通道四,幽闭通道三,Mir_Dg05_14,Mir_Dg05_13,1080,203,1040,247
1,223,224,幽冥海二层,幽冥海一层,幽冥海二层,MirAct05_1,MirAct05_2,844,424,986,400
1,224,225,幽冥海三层,幽冥海二层,幽冥海三层,MirAct05_2,MirAct05_3,1183,644,1067,337
2,224,223,幽冥海一层,幽冥海二层,幽冥海一层,MirAct05_2,MirAct05_1,989,397,847,422
1,225,226,幽冥海四层,幽冥海三层,幽冥海四层,MirAct05_3,MirAct05_4,1074,543,948,209
2,225,224,幽冥海二层,幽冥海三层,幽冥海二层,MirAct05_3,MirAct05_2,1070,339,1180,641
1,226,225,幽冥海三层,幽冥海四层,幽冥海三层,MirAct05_4,MirAct05_3,945,212,1071,540
1,231,233,至魔龙西郊,魔龙城,魔龙西郊,MirDg12,MirDg12_2,954,636,1225,563
2,231,232,至魔龙东郊,魔龙城,魔龙东郊,MirDg12,MirDg12_1,783,459,1122,568
1,232,234,至东林间胜地,魔龙东郊,东林间胜地,MirDg12_1,MirDg12_3,946,321,1124,272
2,232,231,至魔龙城,魔龙东郊,魔龙城,MirDg12_1,MirDg12,1130,574,783,451
1,233,237,至西林间胜地,魔龙西郊,西林间胜地,MirDg12_2,MirDg12_6,846,445,1233,431
2,233,235,至魔龙旧寨,魔龙西郊,魔龙旧寨,MirDg12_2,MirDg12_4,882,605,1009,223
3,233,231,至魔龙城,魔龙西郊,魔龙城,MirDg12_2,MirDg12,1231,570,949,629
1,234,235,至魔龙旧寨,东林间胜地,魔龙旧寨,MirDg12_3,MirDg12_4,947,271,1110,268
2,234,232,至魔龙东郊,东林间胜地,魔龙东郊,MirDg12_3,MirDg12_1,1133,274,953,315
1,235,236,至魔龙祭坛,魔龙旧寨,魔龙祭坛,MirDg12_4,MirDg12_5,955,666,1135,385
2,235,233,至魔龙西郊,魔龙旧寨,魔龙西郊,MirDg12_4,MirDg12_2,999,226,890,598
3,235,234,至东林间胜地,魔龙旧寨,东林间胜地,MirDg12_4,MirDg12_3,1108,278,954,264
1,236,239,至魔龙岭,魔龙祭坛,魔龙岭,MirDg12_5,MirDg12_8,945,242,1182,311
2,236,235,至魔龙旧寨,魔龙祭坛,魔龙旧寨,MirDg12_5,MirDg12_4,1143,388,963,659
1,237,238,至魔龙沼泽,西林间胜地,魔龙沼泽,MirDg12_6,MirDg12_7,840,420,1180,303
2,237,233,至魔龙西郊,西林间胜地,魔龙西郊,MirDg12_6,MirDg12_2,1237,438,853,437
1,238,239,至魔龙岭,魔龙沼泽,魔龙岭,MirDg12_7,MirDg12_8,929,558,926,273
2,238,237,至西林间胜地,魔龙沼泽,西林间胜地,MirDg12_7,MirDg12_6,1181,312,844,413
1,239,240,至西魔龙关,魔龙岭,西魔龙关,MirDg12_8,MirDg12_9,1166,621,1044,397
2,239,241,至东魔龙关,魔龙岭,东魔龙关,MirDg12_8,MirDg12_10,937,658,1126,368
3,239,236,至魔龙祭坛,魔龙岭,魔龙祭坛,MirDg12_8,MirDg12_5,1188,318,956,236
4,239,238,至魔龙沼泽,魔龙岭,魔龙沼泽,MirDg12_8,MirDg12_7,915,273,932,549
1,240,242,至魔龙谷,西魔龙关,魔龙谷,MirDg12_9,MirDg12_11,1072,222,904,330
2,240,239,至魔龙岭,西魔龙关,魔龙岭,MirDg12_9,MirDg12_8,1040,404,1160,613
1,241,242,至魔龙谷,东魔龙关,魔龙谷,MirDg12_10,MirDg12_11,1000,225,1015,275
2,241,239,至魔龙岭,东魔龙关,魔龙岭,MirDg12_10,MirDg12_8,1134,372,943,651
1,242,243,至龙源血路,魔龙谷,龙源血路,MirDg12_11,MirDg12_12,1184,510,902,350
2,242,240,至西魔龙关,魔龙谷,西魔龙关,MirDg12_11,MirDg12_9,892,329,1066,218
3,242,241,至东魔龙关,魔龙谷,东魔龙关,MirDg12_11,MirDg12_10,1026,271,992,225
1,243,244,至魔龙血域,龙源血路,魔龙血域,MirDg12_12,MirDg12_13,1185,320,906,354
2,243,242,至魔龙谷,龙源血路,魔龙谷,MirDg12_12,MirDg12_11,899,362,1174,503
1,50,59,牛魔寺庙入口,苍月岛,牛魔寺庙入口,MirPb04,MirDg15,820,447,1036,100
10,50,50,至苍月岛,苍月岛,苍月岛,MirPb04,MirPb04,812,866,1181,451
11,50,50,至服饰店,苍月岛,苍月岛,MirPb04,MirPb04,1178,455,809,869
12,50,50,至苍月岛,苍月岛,苍月岛,MirPb04,MirPb04,842,891,1163,455
13,50,50,至药店,苍月岛,苍月岛,MirPb04,MirPb04,1160,458,839,895
14,50,50,至苍月岛,苍月岛,苍月岛,MirPb04,MirPb04,878,933,1175,432
15,50,50,至首饰店,苍月岛,苍月岛,MirPb04,MirPb04,1171,436,875,938
2,50,51,至骨魔洞一层,苍月岛,骨魔洞一层,MirPb04,MirDg13_1,932,504,1120,207
3,50,56,至尸魔洞一层,苍月岛,尸魔洞一层,MirPb04,MirDg14_1,860,321,1122,318
4,50,50,至苍月岛,苍月岛,苍月岛,MirPb04,MirPb04,808,931,1201,442
5,50,50,至仓库,苍月岛,苍月岛,MirPb04,MirPb04,1205,446,808,936
6,50,50,至苍月岛,苍月岛,苍月岛,MirPb04,MirPb04,773,892,1196,469
7,50,50,至武器店,苍月岛,苍月岛,MirPb04,MirPb04,1199,473,777,895
8,50,50,至苍月岛,苍月岛,苍月岛,MirPb04,MirPb04,742,927,1168,473
9,50,50,至书店,苍月岛,苍月岛,MirPb04,MirPb04,1172,477,743,931
1,51,50,至苍月岛,骨魔洞一层,苍月岛,MirDg13_1,MirPb04,1126,211,937,499
2,51,52,至骨魔洞二层,骨魔洞一层,骨魔洞二层,MirDg13_1,MirDg13_2,970,422,1151,240
1,52,53,至骨魔洞三层,骨魔洞二层,骨魔洞三层,MirDg13_2,MirDg13_3,974,279,1087,173
2,52,51,至骨魔洞一层,骨魔洞二层,骨魔洞一层,MirDg13_2,MirDg13_1,1158,243,964,415
1,53,54,至骨魔洞四层,骨魔洞三层,骨魔洞四层,MirDg13_3,MirDg13_4,1119,340,1104,247
2,53,52,至骨魔洞二层,骨魔洞三层,骨魔洞二层,MirDg13_3,MirDg13_2,1094,179,975,273
1,54,55,至骨魔洞五层,骨魔洞四层,骨魔洞五层,MirDg13_4,MirDg13_5,910,343,1084,232
2,54,53,至骨魔洞三层,骨魔洞四层,骨魔洞三层,MirDg13_4,MirDg13_3,1100,256,1125,335
1,55,54,至骨魔洞四层,骨魔洞五层,骨魔洞四层,MirDg13_5,MirDg13_4,1090,237,910,334
1,56,58,至尸魔洞二层,尸魔洞一层,尸魔洞二层,MirDg14_1,MirDg14_3,1028,177,980,141
2,56,50,至苍月岛,尸魔洞一层,苍月岛,MirDg14_1,MirPb04,1127,322,867,314
1,57,58,至尸魔洞二层,尸魔洞三层,尸魔洞二层,MirDg14_2,MirDg14_3,1038,189,924,327
1,58,56,至尸魔洞一层,尸魔洞二层,尸魔洞一层,MirDg14_3,MirDg14_1,983,146,1021,175
2,58,57,至尸魔洞三层,尸魔洞二层,尸魔洞三层,MirDg14_3,MirDg14_2,928,332,1039,184
1,59,50,至苍月岛,牛魔寺庙入口,苍月岛,MirDg15,MirPb04,1040,104,814,441
2,59,60,牛魔寺庙一层,牛魔寺庙入口,牛魔寺庙一层,MirDg15,MirDg15_1,1018,102,936,392
1,60,59,牛魔寺庙入口,牛魔寺庙一层,牛魔寺庙入口,MirDg15_1,MirDg15,939,395,1021,99
2,60,61,牛魔寺庙二层,牛魔寺庙一层,牛魔寺庙二层,MirDg15_1,MirDg15_2,1054,510,1115,443
1,61,62,牛魔寺庙三层,牛魔寺庙二层,牛魔寺庙三层,MirDg15_2,MirDg15_3,939,267,1094,677
2,61,60,牛魔寺庙一层,牛魔寺庙二层,牛魔寺庙一层,MirDg15_2,MirDg15_1,1118,446,1051,507
1,62,63,牛魔寺庙四层,牛魔寺庙三层,牛魔寺庙四层,MirDg15_3,MirDg15_4,827,411,1276,861
2,62,61,牛魔寺庙二层,牛魔寺庙三层,牛魔寺庙二层,MirDg15_3,MirDg15_2,1096,680,936,264
1,63,64,牛魔寺庙五层,牛魔寺庙四层,牛魔寺庙五层,MirDg15_4,MirDg15_5,766,866,1078,284
2,63,62,牛魔寺庙三层,牛魔寺庙四层,牛魔寺庙三层,MirDg15_4,MirDg15_3,1281,865,823,407
1,64,63,牛魔寺庙四层,牛魔寺庙五层,牛魔寺庙四层,MirDg15_5,MirDg15_4,1076,281,769,862
2,64,65,牛魔寺庙六层,牛魔寺庙五层,牛魔寺庙六层,MirDg15_5,MirDg15_6,1155,483,1032,424
1,65,66,牛魔寺庙大厅,牛魔寺庙六层,牛魔寺庙大厅,MirDg15_6,MirDg15_7,863,255,1059,195
2,65,64,牛魔寺庙五层,牛魔寺庙六层,牛魔寺庙五层,MirDg15_6,MirDg15_5,1035,427,1153,481
1,85,85,沙城战场东门,沙城战场,沙城战场,MirAct21,MirAct21,223,1312,1025,584
2,85,85,沙城战场正门,沙城战场,沙城战场,MirAct21,MirAct21,227,1297,1026,512
3,85,85,沙城战场西门,沙城战场,沙城战场,MirAct21,MirAct21,239,1290,1098,512
4,85,85,沙城战场东门,沙城战场,沙城战场,MirAct21,MirAct21,279,1256,1025,584
5,85,85,沙城战场正门,沙城战场,沙城战场,MirAct21,MirAct21,283,1241,1026,512
6,85,85,沙城战场西门,沙城战场,沙城战场,MirAct21,MirAct21,295,1234,1098,512
1,87,87,至回廊,未知暗殿一层,未知暗殿一层,MirAct25,MirAct25,1042,340,1051,349
2,87,87,至中庭,未知暗殿一层,未知暗殿一层,MirAct25,MirAct25,1046,344,1038,335
3,87,87,至惩戒坛,未知暗殿一层,未知暗殿一层,MirAct25,MirAct25,1104,364,1158,343
1,93,145,沃玛森林,白日门海岸,沃玛森林,MirDg19,Mir_Dg04,826,382,1061,310
2,93,102,白日门城,白日门海岸,白日门城,MirDg19,MirPb05,1060,445,831,467
3,93,113,龙耀崖,白日门海岸,龙耀崖,MirDg19,MirDg26,909,254,1151,588
1,105,106,嚎哭密林,赤月群岛,嚎哭密林,MirDg28,MirDg28_1,1313,459,1058,142
1,106,105,赤月群岛,嚎哭密林,赤月群岛,MirDg28_1,MirDg28,1060,140,1310,457
